dia,mes,referencia,texto,traducao
1,Janeiro,João 3:16,"Porque Deus amou o mundo de tal maneira que deu o seu Filho unigênito; para que todo o que nele crer não pereça; mas tenha a vida eterna.",NVI
2,Janeiro,Salmos 23:1,"O Senhor é o meu pastor; nada me faltará.",NVI
3,Janeiro,Jeremias 29:11,"Porque sou eu que conheço os planos que tenho para vocês; diz o Senhor; planos de fazê-los prosperar e não de causar dano; planos de dar a vocês esperança e um futuro.",NVI
4,Janeiro,Filipenses 4:13,"Tudo posso naquele que me fortalece.",NVI
5,Janeiro,Romanos 8:28,"Sabemos que Deus age em todas as coisas para o bem daqueles que o amam; dos que foram chamados de acordo com o seu propósito.",NVI
6,Janeiro,Isaías 40:31,"Mas os que esperam no Senhor renovam as suas forças. Voam alto como águias; correm e não ficam exaustos; andam e não se cansam.",NVI
7,Janeiro,Josué 1:9,"Não fui eu quem ordenei a você? Seja forte e corajoso! Não se apavore nem desanime; pois o Senhor; o seu Deus; estará com você por onde você andar.",NVI
8,Janeiro,Provérbios 3:5-6,"Confie no Senhor de todo o seu coração e não se apoie em seu próprio entendimento; reconheça o Senhor em todos os seus caminhos; e ele endireitará as suas veredas.",NVI
9,Janeiro,Mateus 11:28,"Venham a mim; todos os que estão cansados e sobrecarregados; e eu lhes darei descanso.",NVI
10,Janeiro,Gênesis 1:1,"No princípio; Deus criou os céus e a terra.",NVI
11,Janeiro,Salmos 119:105,"A tua palavra é lâmpada que ilumina os meus pés e luz que clareia o meu caminho.",NVI
12,Janeiro,João 14:6,"Respondeu Jesus: Eu sou o caminho; a verdade e a vida. Ninguém vem ao Pai; a não ser por mim.",NVI
13,Janeiro,Gálatas 5:22-23,"O fruto do Espírito é: amor; alegria; paz; paciência; amabilidade; bondade; fidelidade; mansidão e domínio próprio.",NVI
14,Janeiro,Hebreus 11:1,"Ora; fé é a certeza daquilo que esperamos e a prova das coisas que não vemos.",NVI
15,Janeiro,Salmos 46:1,"Deus é o nosso refúgio e fortaleza; socorro bem-provado nas tribulações.",NVI
16,Janeiro,Romanos 8:1,"Portanto; agora já não há condenação alguma para os que estão em Cristo Jesus.",NVI
17,Janeiro,Efésios 2:8-9,"Pois vocês são salvos pela graça; por meio da fé; e isso não vem de vocês; é dom de Deus; não por obras; para que ninguém se glorie.",NVI
18,Janeiro,2 Coríntios 5:17,"Se alguém está em Cristo; é nova criatura. As coisas antigas já passaram; eis que surgiram coisas novas!",NVI
19,Janeiro,Lucas 6:31,"Façam aos outros o que vocês gostariam que eles fizessem a vocês.",NVI
20,Janeiro,Marcos 12:30,"Ame o Senhor; o seu Deus; de todo o seu coração; de toda a sua alma; de todo o seu entendimento e de todas as suas forças.",NVI
21,Janeiro,1 João 4:19,"Nós amamos porque ele nos amou primeiro.",NVI
22,Janeiro,Colossenses 3:23,"Tudo o que fizerem; façam de todo o coração; como para o Senhor; e não para os homens.",NVI
23,Janeiro,1 Pedro 5:7,"Depositem nele toda a sua ansiedade; porque ele tem cuidado de vocês.",NVI
24,Janeiro,Isaías 41:10,"Não tema; porque estou com você; não se apavore; porque sou o seu Deus. Eu o fortalecerei e o ajudarei; eu o sustentarei com minha justa destra.",NVI
25,Janeiro,Salmos 37:4,"Deleite-se no Senhor; e ele atenderá aos desejos do seu coração.",NVI
26,Janeiro,Romanos 12:2,"Não se amoldem ao padrão deste mundo; mas transformem-se pela renovação da sua mente; para que sejam capazes de experimentar e comprovar a boa; agradável e perfeita vontade de Deus.",NVI
27,Janeiro,Mateus 6:33,"Busquem; pois; em primeiro lugar o Reino de Deus e a sua justiça; e todas essas coisas lhes serão acrescentadas.",NVI
28,Janeiro,João 1:1,"No princípio era o Verbo; e o Verbo estava com Deus; e o Verbo era Deus.",NVI
29,Janeiro,Salmos 27:1,"O Senhor é a minha luz e a minha salvação; a quem temerei? O Senhor é o protetor da minha vida; a quem me recearei?",NVI
30,Janeiro,Provérbios 18:10,"O nome do Senhor é torre forte; para ela corre o justo e fica protegido.",NVI
31,Janeiro,Apocalipse 21:5,"Aquele que estava sentado no trono disse: Estou fazendo novas todas as coisas!",NVI
32,Fevereiro,1 Coríntios 13:4-5,"O amor é paciente; o amor é bondoso. Não inveja; não se vangloria; não se orgulha. Não maltrata; não procura o que é seu; não se ira facilmente; não guarda rancor.",NVI
33,Fevereiro,João 15:13,"Ninguém tem amor maior do que este: dar a própria vida pelos amigos.",NVI
34,Fevereiro,1 João 4:8,"Aquele que não ama não conhece a Deus; porque Deus é amor.",NVI
35,Fevereiro,Romanos 5:8,"Mas Deus demonstra o seu amor por nós pelo fato de Cristo ter morrido em nosso favor quando ainda éramos pecadores.",NVI
36,Fevereiro,Efésios 3:17-18,"Para que Cristo habite em seus corações pela fé; e vocês; tendo raízes e fundamentos no amor; possam compreender a largura; o comprimento; a altura e a profundidade do amor de Cristo.",NVI
37,Fevereiro,1 João 4:16,"E nós conhecemos e cremos no amor que Deus tem por nós. Deus é amor; e quem permanece no amor permanece em Deus; e Deus nele.",NVI
38,Fevereiro,João 3:17,"Porque Deus enviou o seu Filho ao mundo; não para condenar o mundo; mas para salvá-lo por meio dele.",NVI
39,Fevereiro,Romanos 8:38-39,"Pois estou convicto de que nem morte nem vida; nem anjos nem demônios; nem o presente nem o futuro; nem quaisquer poderes; nem altura nem profundidade; nem qualquer outra coisa na criação será capaz de nos separar do amor de Deus.",NVI
40,Fevereiro,1 Coríntios 13:13,"Agora; pois; permanecem a fé; a esperança e o amor; estes três; mas o maior destes é o amor.",NVI
41,Fevereiro,Efésios 4:32,"Sejam bondosos e compassivos uns para com os outros; perdoando-se mutuamente; assim como Deus os perdoou em Cristo.",NVI
42,Fevereiro,Colossenses 3:14,"E; sobre todas essas coisas; revistam-se do amor; que é o elo perfeito.",NVI
43,Fevereiro,1 Pedro 4:8,"Acima de tudo; tenham amor profundo uns pelos outros; porque o amor cobre uma infinidade de pecados.",NVI
44,Fevereiro,João 13:34,"Um novo mandamento lhes dou: que vocês se amem uns aos outros. Como eu os amei; vocês também devem amar-se uns aos outros.",NVI
45,Fevereiro,Gálatas 5:13,"Vocês; irmãos; foram chamados à liberdade. Não usem; porém; essa liberdade para dar ocasião à carne; ao contrário; sirvam-se uns aos outros pelo amor.",NVI
46,Fevereiro,Provérbios 10:12,"O ódio gera brigas; mas o amor perdoa todas as ofensas.",NVI
47,Fevereiro,1 João 3:18,"Meus filhinhos; não amemos com palavras ou de boca; mas com atos e em verdade.",NVI
48,Fevereiro,Romanos 13:10,"O amor não prejudica o próximo. Portanto; o amor é o cumprimento da lei.",NVI
49,Fevereiro,Lucas 6:27,"A vocês que me ouvem; eu digo: Amem os seus inimigos; façam bem aos que os odeiam.",NVI
50,Fevereiro,Miquéias 6:8,"Ele já te declarou; ó homem; o que é bom. O que o Senhor exige de ti: que pratiques a justiça; ames a misericórdia e andes humildemente com o teu Deus.",NVI
51,Fevereiro,Salmos 136:1,"Rendei graças ao Senhor; porque ele é bom; porque o seu amor dura para sempre.",NVI
52,Fevereiro,Lamentações 3:22-23,"As misericórdias do Senhor não têm fim; as suas bondades não se esgotam. Renovam-se cada manhã; grande é a sua fidelidade!",NVI
53,Fevereiro,João 15:9,"Como o Pai me amou; também eu os amei; permaneçam no meu amor.",NVI
54,Fevereiro,Efésios 5:2,"Vivam na senda do amor; assim como Cristo nos amou e se entregou por nós como oferta e sacrifício de aroma agradável a Deus.",NVI
55,Fevereiro,1 Coríntios 16:14,"Façam tudo com amor.",NVI
56,Fevereiro,1 João 4:11,"Amados; já que Deus assim nos amou; também nós devemos amar uns aos outros.",NVI
57,Fevereiro,Romanos 12:9,"O amor seja sem hipocrisia. Abominem o mal; apeguem-se ao bem.",NVI
58,Fevereiro,Zacarias 7:9,"Assim diz o Senhor: Administrem a justiça verdadeira; mostrem misericórdia e compaixão uns aos outros.",NVI
59,Fevereiro,João 15:12,"O meu mandamento é este: que se amem uns aos outros; assim como eu os amei.",NVI
60,Março,Hebreus 11:6,"Sem fé é impossível agradar a Deus; pois quem dele se aproxima precisa crer que ele existe e que recompensa aqueles que o buscam.",NVI
61,Março,Marcos 11:24,"Portanto; eu lhes digo: tudo o que vocês pedirem em oração; creiam que já o receberam; e assim lhes acontecerá.",NVI
62,Março,Mateus 17:20,"Porque vocês têm fé tão pequena. Eu lhes digo a verdade: se vocês tiverem fé do tamanho de um grão de mostarda; poderão dizer a este monte: ""Mova-se daqui para ali""; e ele se moverá.",NVI
63,Março,Romanos 10:17,"Consequentemente; a fé vem pelo ouvir a mensagem; e a mensagem é ouvida mediante a palavra de Cristo.",NVI
64,Março,Hebreus 12:2,"Fixando os olhos em Jesus; o autor e consumador da nossa fé. Por causa da alegria que lhe foi proposta; ele suportou a cruz; desprezando a vergonha; e está assentado à direita do trono de Deus.",NVI
65,Março,2 Coríntios 5:7,"Pois andamos por fé; e não pelo que vemos.",NVI
66,Março,Salmos 91:1-2,"Quem habita no abrigo do Altíssimo; à sombra do Onipotente descansa. Digo ao Senhor: ""Tu és o meu refúgio e a minha fortaleza; o meu Deus; em quem confio.""",NVI
67,Março,Tiago 1:3,"Sabendo que a provação da sua fé produz perseverança.",NVI
68,Março,1 Pedro 1:7,"Para que a fé de vocês; sendo muito mais preciosa do que o ouro que perece; embora provada pelo fogo; resulte em louvor; glória e honra; quando Jesus Cristo for revelado.",NVI
69,Março,João 14:1,"Não se perturbe o coração de vocês. Credes em Deus; crede também em mim.",NVI
70,Março,Romanos 1:17,"Porque nele a justiça de Deus é revelada de fé em fé; como está escrito: ""O justo viverá por fé.""",NVI
71,Março,Habacuque 2:4,"O justo viverá por sua fidelidade.",NVI
72,Março,Isaías 43:19,"Vejam; estou fazendo uma coisa nova! Está despontando; acaso não a percebem? Estou abrindo um caminho no deserto e rios nas regiões áridas.",NVI
73,Março,Ezequiel 36:26,"Darei a vocês um coração novo e porei um espírito novo dentro de vocês; tirarei o coração de pedra de dentro de vocês e lhes darei um coração de carne.",NVI
74,Março,2 Coríntios 4:16,"Por isso não desanimamos. Embora exteriormente estejamos nos desgastando; interiormente estamos sendo renovados dia após dia.",NVI
75,Março,Salmos 51:10,"Cria em mim; ó Deus; um coração puro e renova um espírito inabalável dentro de mim.",NVI
76,Março,Isaías 43:2,"Quando você atravessar as águas; estarei com você; e quando atravessar os rios; eles não vão arrastá-lo. Quando você caminhar pelo fogo; não será queimado.",NVI
77,Março,Romanos 12:1,"Portanto; irmãos; rogo-lhes pelas misericórdias de Deus que se ofereçam em sacrifício vivo; santo e agradável a Deus — este é o culto racional de vocês.",NVI
78,Março,Colossenses 3:10,"E se revestiram do novo homem; que se renova em conhecimento à imagem do seu Criador.",NVI
79,Março,Efésios 4:23-24,"Para que sejam renovados no espírito de sua mente e se revistam do novo homem; criado para ser semelhante a Deus em justiça e em santidade da verdade.",NVI
80,Março,Tiago 4:8,"Aproximem-se de Deus; e ele se aproximará de vocês. Pecadores; limpem as mãos; indecisos; purifiquem o coração.",NVI
81,Março,1 João 1:9,"Se confessarmos os nossos pecados; ele é fiel e justo para perdoar os nossos pecados e nos purificar de toda injustiça.",NVI
82,Março,Hebreus 10:23,"Mantenhamos firme a confissão da nossa esperança; sem vacilar; pois fiel é aquele que prometeu.",NVI
83,Março,Salmos 40:3,"Pôs em minha boca um cântico novo; um hino de louvor ao nosso Deus. Muitos verão isso e temerão; e colocarão a sua confiança no Senhor.",NVI
84,Março,Joel 2:25,"Compensarei os anos que foram devorados pelo gafanhoto; pela lagarta; pelo pulgão e pela larva de gafanhoto; meu grande exército que enviei contra vocês.",NVI
85,Março,João 11:25,"Disse-lhe Jesus: Eu sou a ressurreição e a vida. Aquele que crê em mim viverá; mesmo que morra.",NVI
86,Março,Romanos 6:4,"Fomos sepultados com ele; por meio do batismo; em sua morte; para que; assim como Cristo ressuscitou dos mortos mediante a glória do Pai; também nós vivamos uma vida nova.",NVI
87,Março,2 Coríntios 3:18,"Todos nós; com o rosto descoberto contemplando como num espelho a glória do Senhor; somos transformados à sua semelhança; com glória cada vez maior.",NVI
88,Março,Salmos 103:12,"Assim como o oriente está distante do ocidente; assim ele afastou de nós as nossas transgressões.",NVI
89,Março,Miquéias 7:7,"Quanto a mim; eu vigio em esperança do Senhor; eu aguardo o Deus da minha salvação; o meu Deus me ouvirá.",NVI
90,Abril,Isaías 40:29,"Ele dá força ao cansado e vigor ao que não tem fôlego.",NVI
91,Abril,João 11:25-26,"Disse-lhe Jesus: Eu sou a ressurreição e a vida. Aquele que crê em mim viverá; mesmo que morra; e quem viver e crer em mim nunca morrerá.",NVI
92,Abril,1 Pedro 1:3,"Bendito seja o Deus e Pai de nosso Senhor Jesus Cristo! Por sua grande misericórdia; ele nos fez nascer de novo para uma esperança viva; mediante a ressurreição de Jesus Cristo dentre os mortos.",NVI
93,Abril,Romanos 15:13,"Que o Deus da esperança os encha de toda alegria e paz; por sua confiança nele; para que vocês transbordem de esperança pelo poder do Espírito Santo.",NVI
94,Abril,1 Coríntios 15:20,"Mas Cristo ressuscitou dos mortos; sendo as primícias dos que morreram.",NVI
95,Abril,João 14:19,"Dentro de pouco tempo o mundo não me verá mais; mas vocês me verão. Porque eu vivo; vocês também viverão.",NVI
96,Abril,Romanos 6:9,"Pois sabemos que Cristo; tendo sido ressuscitado dentre os mortos; não morre mais; a morte não tem mais domínio sobre ele.",NVI
97,Abril,1 Coríntios 15:55,"Onde está; ó morte; a tua vitória? Onde está; ó morte; o teu aguilhão?",NVI
98,Abril,2 Coríntios 1:3,"Bendito seja o Deus e Pai de nosso Senhor Jesus Cristo; o Pai das misericórdias e Deus de toda consolação.",NVI
99,Abril,Salmos 62:5,"Só em Deus; ó minha alma; descansa; porque dele vem a minha esperança.",NVI
100,Abril,Romanos 5:5,"E a esperança não nos envergonha; porque o amor de Deus foi derramado em nosso coração pelo Espírito Santo que nos foi dado.",NVI
101,Abril,Hebreus 6:19,"Essa esperança é uma âncora para a nossa alma; firme e segura. Ela penetra no interior do véu.",NVI
102,Abril,Apocalipse 21:4,"Ele enxugará dos seus olhos toda lágrima. Não haverá mais morte; nem tristeza; nem choro; nem dor; pois as antigas coisas já passaram.",NVI
103,Abril,João 14:2-3,"Na casa do meu Pai há muitas moradas; se não fosse assim; eu teria dito a vocês. Vou preparar um lugar para vocês. E; se eu for e preparar um lugar; voltarei e os levarei para mim.",NVI
104,Abril,Filipenses 3:20-21,"Mas a nossa pátria está nos céus; de onde esperamos ansiosamente um Salvador; o Senhor Jesus Cristo; que transformará o nosso corpo de humilhação para ser igual ao seu corpo de glória.",NVI
105,Abril,1 Coríntios 15:58,"Portanto; meus amados irmãos; sejam firmes e inabaláveis; sempre abundando na obra do Senhor; pois sabem que o trabalho de vocês no Senhor não é inútil.",NVI
106,Abril,1 João 3:2,"Amados; agora somos filhos de Deus; mas ainda não foi revelado o que viremos a ser. Sabemos; porém; que quando ele aparecer; seremos semelhantes a ele; pois o veremos como ele é.",NVI
107,Abril,Salmos 16:11,"Tu me mostrarás o caminho da vida; na tua presença há alegria plena; à tua destra há prazer para sempre.",NVI
108,Abril,Isaías 25:8,"Ele destruirá a morte para sempre; o Soberano Senhor enxugará as lágrimas de todos os rostos.",NVI
109,Abril,1 Pedro 5:10,"Mas o Deus de toda a graça; que os chamou para a sua glória eterna em Cristo; depois de sofrerem um pouco; ele mesmo os restaurará; firmará; fortalecerá e estabelecerá.",NVI
110,Abril,Romanos 8:18,"Considero que os sofrimentos do tempo presente não têm proporção com a glória que em nós há de ser revelada.",NVI
111,Abril,Tito 2:13,"Enquanto aguardamos a bendita esperança; o aparecimento da glória do nosso grande Deus e Salvador; Jesus Cristo.",NVI
112,Abril,Lucas 24:34,"O Senhor ressuscitou e apareceu a Simão!",NVI
113,Abril,Apocalipse 1:18,"Eu sou o que vive. Estive morto; mas agora vivo para sempre e tenho as chaves da morte e do inferno.",NVI
114,Abril,Colossenses 3:4,"Quando Cristo; que é a sua vida; aparecer; então vocês também aparecerão com ele em glória.",NVI
115,Abril,2 Timóteo 4:8,"Agora me está reservada a coroa da justiça que o Senhor; o Juiz justo; me dará naquele dia; e não somente a mim; mas a todos os que esperaram com amor o seu retorno.",NVI
116,Abril,João 17:24,"Pai; quero que aqueles que me deste estejam comigo onde eu estiver; para verem a minha glória.",NVI
117,Abril,Apocalipse 22:20,"Aquele que dá testemunho dessas coisas diz: Sim; venho em breve. Amém! Vem; Senhor Jesus!",NVI
118,Abril,1 Tessalonicenses 4:14,"Pois cremos que Jesus morreu e ressuscitou; cremos também que Deus trará com Jesus os que morreram em Cristo.",NVI
119,Abril,Salmos 30:5,"Pois a sua ira dura apenas um momento; mas o seu favor dura a vida inteira. Ao anoitecer chegam as lágrimas; mas pela manhã vem a alegria.",NVI
120,Abril,Romanos 8:11,"E; se o Espírito daquele que ressuscitou Jesus dentre os mortos habita em vocês; aquele que ressuscitou Cristo dentre os mortos também dará vida aos seus corpos mortais; por meio do seu Espírito que habita em vocês.",NVI
121,Maio,Provérbios 1:7,"O temor do Senhor é o princípio do conhecimento; os tolos desprezam a sabedoria e a disciplina.",NVI
122,Maio,Tiago 1:5,"Se algum de vocês tem falta de sabedoria; peça-a a Deus; que a todos dá livremente e sem censura; e lhe será dada.",NVI
123,Maio,Provérbios 3:7,"Não sejas sábio aos teus próprios olhos; teme ao Senhor e aparta-te do mal.",NVI
124,Maio,Provérbios 9:10,"O temor do Senhor é o princípio da sabedoria; o conhecimento do Santo é entendimento.",NVI
125,Maio,Eclesiastes 12:13,"Teme a Deus e guarda os seus mandamentos; porque isso é o dever de todo ser humano.",NVI
126,Maio,Provérbios 4:7,"A sabedoria é a coisa mais importante; portanto; adquire sabedoria. Acima de tudo o que possuis; adquire entendimento.",NVI
127,Maio,Salmos 111:10,"O temor do Senhor é o princípio da sabedoria; todos os que praticam os seus preceitos têm sã inteligência.",NVI
128,Maio,Provérbios 2:6,"Porque o Senhor é quem dá a sabedoria; da sua boca procedem o conhecimento e o entendimento.",NVI
129,Maio,Colossenses 2:3,"Em Cristo estão escondidos todos os tesouros da sabedoria e do conhecimento.",NVI
130,Maio,1 Coríntios 1:25,"Pois a loucura de Deus é mais sábia do que a sabedoria humana; e a fraqueza de Deus é mais forte do que a força humana.",NVI
131,Maio,Provérbios 11:2,"Com o orgulho vem a desonra; mas com a humildade vem a sabedoria.",NVI
132,Maio,Provérbios 16:16,"Quanto melhor é adquirir sabedoria do que ouro! É mais importante adquirir entendimento do que prata.",NVI
133,Maio,Tiago 3:17,"A sabedoria que vem do alto é; antes de tudo; pura; pacífica; atenciosa; dócil; cheia de misericórdia e de bons frutos; imparcial e sincera.",NVI
134,Maio,Provérbios 13:20,"Anda com os sábios e te tornarás sábio; quem se associa com tolos acaba se dando mal.",NVI
135,Maio,Provérbios 19:20,"Escuta o conselho e aceita a disciplina; para que sejas sábio no futuro.",NVI
136,Maio,Provérbios 4:23,"Acima de tudo; guarda o teu coração; pois dele procedem as fontes da vida.",NVI
137,Maio,Salmos 90:12,"Ensina-nos a bem computar os nossos anos; para que alcancemos coração sábio.",NVI
138,Maio,Provérbios 21:30,"Não há sabedoria nem entendimento nem conselho que possa prevalecer contra o Senhor.",NVI
139,Maio,Provérbios 8:11,"Porque a sabedoria é melhor do que rubis; e coisa alguma que se deseje se pode comparar a ela.",NVI
140,Maio,Eclesiastes 7:12,"Porque a sabedoria é proteção; assim como o dinheiro é proteção; mas a vantagem do conhecimento é esta: que a sabedoria preserva a vida de quem a possui.",NVI
141,Maio,Provérbios 15:33,"O temor do Senhor ensina a sabedoria; a humildade precede a honra.",NVI
142,Maio,Provérbios 10:19,"Quando há muitas palavras; o pecado não está ausente; mas quem refreia a língua é sábio.",NVI
143,Maio,Provérbios 12:15,"O caminho do tolo parece certo a seus próprios olhos; mas o sábio dá ouvidos aos conselhos.",NVI
144,Maio,Salmos 25:9,"Ele guia os humildes na justiça e ensina o seu caminho aos mansos.",NVI
145,Maio,Provérbios 24:3,"Pela sabedoria a casa é edificada; pelo entendimento ela se mantém firme.",NVI
146,Maio,Provérbios 14:29,"Quem é paciente tem grande entendimento; mas quem é irascível demonstra muita tolice.",NVI
147,Maio,1 Reis 3:9,"Dá ao teu servo um coração compreensivo para governar o teu povo e discernir o que é bom e o que é mau.",NVI
148,Maio,Provérbios 16:3,"Entrega ao Senhor tudo o que fazes; e os teus planos serão bem-sucedidos.",NVI
149,Maio,Daniel 2:20,"Seja bendito o nome de Deus para sempre e eternamente; pois a ele pertencem a sabedoria e o poder.",NVI
150,Maio,Efésios 5:15-16,"Tenham; pois; muito cuidado com a maneira como vivem; não como insensatos; mas como sábios; aproveitando ao máximo cada oportunidade.",NVI
151,Maio,Salmos 37:30,"A boca do justo fala sabedoria; e a sua língua diz o que é justo.",NVI
152,Junho,João 14:27,"Deixo-lhes a paz; a minha paz lhes dou. Não lhes dou como o mundo dá. Não se perturbe o coração de vocês nem tenham medo.",NVI
153,Junho,Filipenses 4:7,"E a paz de Deus; que excede a todo o entendimento; guardará o coração e a mente de vocês em Cristo Jesus.",NVI
154,Junho,Isaías 26:3,"Tu guardarás em perfeita paz aquele cujo propósito é firme; porque em ti confia.",NVI
155,Junho,Romanos 5:1,"Tendo; pois; sido justificados por fé; temos paz com Deus por meio de nosso Senhor Jesus Cristo.",NVI
156,Junho,Salmos 4:8,"Em paz me deitarei e logo adormeço; porque só tu; Senhor; me fazes morar em segurança.",NVI
157,Junho,Colossenses 3:15,"Que a paz de Cristo reine em seus corações; pois foi para isso que vocês foram chamados como membros de um único corpo. E sejam agradecidos.",NVI
158,Junho,2 Tessalonicenses 3:16,"Que o próprio Senhor da paz lhes dê continuamente a paz em todas as circunstâncias.",NVI
159,Junho,Números 6:26,"O Senhor volte para você o seu rosto e lhe dê a paz.",NVI
160,Junho,Salmos 29:11,"O Senhor dá força ao seu povo; o Senhor abençoa o seu povo com a paz.",NVI
161,Junho,João 16:33,"Eu lhes disse essas coisas para que em mim vocês tenham paz. Neste mundo vocês terão aflições; mas tenham ânimo! Eu venci o mundo.",NVI
162,Junho,Filipenses 4:6,"Não andem ansiosos por coisa alguma; mas em tudo; pela oração e súplicas; com ações de graças; apresentem seus pedidos a Deus.",NVI
163,Junho,Mateus 5:9,"Bem-aventurados os pacificadores; pois serão chamados filhos de Deus.",NVI
164,Junho,Romanos 8:6,"Pois a mentalidade da carne é morte; mas a mentalidade do Espírito é vida e paz.",NVI
165,Junho,Isaías 32:17,"O fruto da justiça será a paz; o efeito da justiça será tranquilidade e confiança para sempre.",NVI
166,Junho,Salmos 34:14,"Desvie-se do mal e faça o bem; busque a paz e empenhe-se por ela.",NVI
167,Junho,1 Pedro 3:11,"Que se afaste do mal e faça o bem; que procure a paz e a siga.",NVI
168,Junho,Provérbios 12:20,"O engano está no coração dos que maquinam o mal; mas a alegria está nos que promovem a paz.",NVI
169,Junho,Salmos 119:165,"Grande paz têm os que amam a tua lei; nada os faz tropeçar.",NVI
170,Junho,2 Coríntios 13:11,"Vivam em paz; e o Deus do amor e da paz estará com vocês.",NVI
171,Junho,Hebreus 12:14,"Esforcem-se em viver em paz com todos e em ser santos; sem santidade ninguém verá o Senhor.",NVI
172,Junho,Romanos 12:18,"Se possível; na medida do que depender de vocês; vivam em paz com todos.",NVI
173,Junho,Tiago 3:18,"E o fruto da justiça é semeado em paz pelos que promovem a paz.",NVI
174,Junho,Lucas 2:14,"Glória a Deus nas alturas e paz na terra aos homens a quem ele quer bem!",NVI
175,Junho,Efésios 2:14,"Porque Cristo é a nossa paz; foi ele quem fez de dois grupos um só e destruiu a barreira que separava os dois povos.",NVI
176,Junho,Gálatas 5:22,"Mas o fruto do Espírito é: amor; alegria; paz; paciência; amabilidade; bondade; fidelidade.",NVI
177,Junho,Romanos 14:17,"O Reino de Deus não é questão de comida ou bebida; mas de justiça; paz e alegria no Espírito Santo.",NVI
178,Junho,Mateus 11:29,"Tomem sobre vocês o meu jugo e aprendam de mim; porque sou manso e humilde de coração; e encontrarão descanso para as almas de vocês.",NVI
179,Junho,Salmos 85:8,"Escutarei o que o Senhor Deus falar; porque ele promete paz ao seu povo.",NVI
180,Junho,Isaías 9:6,"Pois nos nasceu um menino; um filho nos foi dado; o governo está sobre seus ombros; e seu nome é Maravilhoso Conselheiro; Deus Forte; Pai Eterno; Príncipe da Paz.",NVI
181,Junho,Ezequiel 34:25,"Farei com eles uma aliança de paz.",NVI
182,Julho,Josué 1:9,"Não fui eu quem ordenei a você? Seja forte e corajoso! Não se apavore nem desanime; pois o Senhor; o seu Deus; estará com você por onde você andar.",NVI
183,Julho,Deuteronômio 31:6,"Sejam fortes e corajosos. Não tenham medo nem fiquem apavorados por causa deles; pois o Senhor; o seu Deus; vai com vocês; nunca os deixará; nunca os abandonará.",NVI
184,Julho,Isaías 40:31,"Mas os que esperam no Senhor renovam as suas forças. Voam alto como águias; correm e não ficam exaustos; andam e não se cansam.",NVI
185,Julho,Salmos 27:14,"Espere no Senhor; seja forte e corajoso. Sim; espere no Senhor.",NVI
186,Julho,1 Coríntios 16:13,"Estejam alertas; mantenham-se firmes na fé; sejam homens de coragem; sejam fortes.",NVI
187,Julho,Efésios 6:10,"Finalmente; fortaleçam-se no Senhor e no seu imenso poder.",NVI
188,Julho,2 Timóteo 1:7,"Pois Deus não nos deu espírito de covardia; mas de poder; de amor e de equilíbrio.",NVI
189,Julho,Filipenses 4:13,"Tudo posso naquele que me fortalece.",NVI
190,Julho,Salmos 18:32,"É Deus quem me reveste de força e quem torna perfeito o meu caminho.",NVI
191,Julho,Isaías 41:13,"Porque eu; o Senhor; o seu Deus; seguro a sua mão direita e lhe digo: Não tenha medo; eu o ajudarei.",NVI
192,Julho,Zacarias 4:6,"Não por força nem por poder; mas pelo meu Espírito; diz o Senhor dos Exércitos.",NVI
193,Julho,Salmos 68:35,"Espantoso és tu; ó Deus; em teus santuários; o Deus de Israel dá força e poder ao seu povo. Louvado seja Deus!",NVI
194,Julho,Josué 1:7,"Seja forte e muito corajoso. Tenha o cuidado de obedecer a toda a lei que o meu servo Moisés lhe ordenou; não se desvie nem à direita nem à esquerda; para que você prospere por onde quer que andar.",NVI
195,Julho,2 Samuel 22:33,"É Deus o meu baluarte e o meu poder; ele torna o meu caminho perfeito.",NVI
196,Julho,Salmos 31:24,"Animem-se e fortaleçam o coração; todos os que esperam no Senhor!",NVI
197,Julho,Isaías 43:1,"Mas agora; eis o que diz o Senhor que o criou; ó Jacó; que o formou; ó Israel: Não tenha medo; porque eu o resgatei; eu o chamei pelo seu nome; você é meu.",NVI
198,Julho,Deuteronômio 20:4,"Pois o Senhor; o seu Deus; vai com vocês para combater por vocês contra os seus inimigos; para lhes dar a vitória.",NVI
199,Julho,Salmos 18:2,"O Senhor é o meu rochedo; a minha fortaleza e o meu libertador; meu Deus é o meu rochedo em quem me refugio. É o meu escudo; o poder que me salva; o meu baluarte.",NVI
200,Julho,1 Crônicas 28:20,"Seja forte e corajoso; e ponha mãos à obra. Não tenha medo nem desanime; pois o Senhor Deus; o meu Deus; estará com você. Ele não o deixará nem o abandonará.",NVI
201,Julho,Romanos 8:31,"Que diremos; pois; em face dessas coisas? Se Deus é por nós; quem será contra nós?",NVI
202,Julho,2 Coríntios 12:9,"Mas ele me disse: ""A minha graça é suficiente para você; pois o meu poder se aperfeiçoa na fraqueza."" Portanto; prefiro gloriar-me nas minhas fraquezas; para que o poder de Cristo repouse sobre mim.",NVI
203,Julho,Salmos 46:1-2,"Deus é o nosso refúgio e fortaleza; socorro bem-provado nas tribulações. Por isso não tememos; mesmo que a terra se transforme.",NVI
204,Julho,Nahum 1:7,"O Senhor é bom; um refúgio nos tempos de angústia; conhece os que nele confiam.",NVI
205,Julho,Salmos 121:1-2,"Elevo os meus olhos para os montes — de onde me virá o socorro? O meu socorro vem do Senhor; que criou os céus e a terra.",NVI
206,Julho,Efésios 3:16,"Peço que; segundo as riquezas da sua glória; ele os fortaleça com poder; por meio do seu Espírito; no homem interior.",NVI
207,Julho,Isaías 54:17,"Nenhuma arma forjada contra você prosperará; e você confutará toda língua que se levantar contra você em julgamento. Esta é a herança dos servos do Senhor.",NVI
208,Julho,Salmos 138:3,"No dia em que clamei; tu me respondeste; aumentaste as minhas forças.",NVI
209,Julho,Provérbios 28:1,"O ímpio foge; mesmo quando ninguém o persegue; mas o justo; como leão; confia na sua força.",NVI
210,Julho,Atos 4:31,"Depois que oraram; o lugar onde estavam reunidos ficou abalado; todos ficaram cheios do Espírito Santo e pregavam a palavra de Deus com ousadia.",NVI
211,Julho,Salmos 28:7,"O Senhor é a minha força e o meu escudo; o meu coração nele confia; e sou socorrido. Meu coração exulta de alegria; e com o meu canto o glorificarei.",NVI
212,Julho,2 Crônicas 32:8,"Com ele está apenas o braço humano; mas conosco está o Senhor; o nosso Deus; para nos ajudar e para travar as nossas batalhas.",NVI
213,Agosto,Lamentações 3:22-23,"As misericórdias do Senhor não têm fim; as suas bondades não se esgotam. Renovam-se cada manhã; grande é a sua fidelidade!",NVI
214,Agosto,Salmos 36:5,"A tua bondade; Senhor; chega até os céus; a tua fidelidade; até as nuvens.",NVI
215,Agosto,1 Coríntios 10:13,"Nenhuma tentação sobreveio a vocês que não seja comum ao gênero humano. E Deus é fiel; ele não permitirá que vocês sejam tentados além do que podem suportar.",NVI
216,Agosto,Salmos 89:1,"Cantarei para sempre sobre as misericórdias do Senhor; com a minha boca farei conhecida a tua fidelidade a todas as gerações.",NVI
217,Agosto,Hebreus 10:23,"Mantenhamos firme a confissão da nossa esperança; sem vacilar; pois fiel é aquele que prometeu.",NVI
218,Agosto,1 Tessalonicenses 5:24,"Aquele que os chama é fiel; e ele o fará.",NVI
219,Agosto,2 Timóteo 2:13,"Se somos infiéis; ele permanece fiel; pois não pode negar a si mesmo.",NVI
220,Agosto,Salmos 119:90,"A tua fidelidade permanece por todas as gerações; tu fundaste a terra; e ela subsiste.",NVI
221,Agosto,Provérbios 3:3-4,"Nunca te abandones à falta de amor e de fidelidade; prende-as ao pescoço; grava-as na tábua do coração. Assim; gozarás de favor e boa reputação aos olhos de Deus e dos homens.",NVI
222,Agosto,Neemias 9:33,"Em tudo o que nos sobreveio; tu tens sido justo; tu tens agido com fidelidade; e nós agimos com perversidade.",NVI
223,Agosto,Salmos 33:4,"Porque a palavra do Senhor é reta; e todas as suas obras são fiéis.",NVI
224,Agosto,1 João 1:9,"Se confessarmos os nossos pecados; ele é fiel e justo para perdoar os nossos pecados e nos purificar de toda injustiça.",NVI
225,Agosto,Salmos 145:13,"O teu reino é um reino eterno; e o teu domínio prevalece por todas as gerações. O Senhor é fiel em todas as suas promessas e bondoso em todos os seus atos.",NVI
226,Agosto,Deuteronômio 7:9,"Reconheça; portanto; que o Senhor; o seu Deus; é o único Deus verdadeiro. Ele é o Deus fiel; que mantém a aliança e o amor por mil gerações para com os que o amam e guardam os seus mandamentos.",NVI
227,Agosto,Salmos 143:8,"Que eu ouça de manhã o teu amor leal; pois em ti confiei. Faz-me conhecer o caminho que devo seguir; pois a ti elevo a minha alma.",NVI
228,Agosto,Josué 21:45,"Não falhou nenhuma das boas promessas que o Senhor tinha feito à casa de Israel; todas se cumpriram.",NVI
229,Agosto,Salmos 91:4,"Ele o cobrirá com as suas penas; e debaixo das suas asas você encontrará refúgio; a sua fidelidade é escudo e proteção.",NVI
230,Agosto,Miquéias 7:20,"Demonstrarás fidelidade a Jacó e amor leal a Abraão; como juraste a nossos antepassados nos dias de outrora.",NVI
231,Agosto,1 Pedro 4:19,"De modo que os que sofrem segundo a vontade de Deus devem continuar a fazer o bem e confiar-se ao seu fiel Criador.",NVI
232,Agosto,2 Tessalonicenses 3:3,"Mas o Senhor é fiel; ele os fortalecerá e os guardará do Maligno.",NVI
233,Agosto,Salmos 89:8,"Senhor; Deus dos Exércitos; quem como tu é poderoso? A tua fidelidade te rodeia.",NVI
234,Agosto,Hebreus 13:8,"Jesus Cristo é o mesmo ontem; hoje e para sempre.",NVI
235,Agosto,Salmos 117:2,"Porque o seu amor por nós é grande; e a fidelidade do Senhor dura para sempre. Aleluia!",NVI
236,Agosto,João 10:27-28,"As minhas ovelhas ouvem a minha voz; eu as conheço; e elas me seguem. Eu lhes dou a vida eterna; e elas jamais perecerão; ninguém as arrebatará da minha mão.",NVI
237,Agosto,Deuteronômio 32:4,"Ele é a Rocha; e as suas obras são perfeitas; todos os seus caminhos são justos. Deus fiel; sem injustiça; justo e reto é ele.",NVI
238,Agosto,Salmos 37:25,"Fui jovem e agora sou velho; mas nunca vi o justo desamparado; nem seus filhos mendigando pão.",NVI
239,Agosto,Salmos 100:5,"Porque o Senhor é bom; e o seu amor leal dura para sempre; a sua fidelidade permanece por todas as gerações.",NVI
240,Agosto,Romanos 3:4,"De modo algum! Seja Deus verdadeiro e todo homem mentiroso; como está escrito: ""Para que sejas reconhecido como justo nas tuas palavras.""",NVI
241,Agosto,Isaías 49:15-16,"Pode uma mãe esquecer o bebê que amamenta e deixar de compadecer-se do filho que gerou? Ainda que ela esqueça; eu não me esquecerei de você! Veja; gravei você nas palmas das minhas mãos.",NVI
242,Agosto,Números 23:19,"Deus não é homem para que minta; nem filho do homem para que se arrependa. Acaso ele disse e não fará? Prometeu e não cumprirá?",NVI
243,Setembro,Salmos 40:10,"Não encobri a tua justiça no meu coração; proclamei a tua fidelidade e a tua salvação; não ocultei o teu amor e a tua verdade da grande assembleia.",NVI
244,Setembro,Mateus 7:7,"Peçam; e lhes será dado; busquem; e encontrarão; batam; e a porta lhes será aberta.",NVI
245,Setembro,Filipenses 4:6,"Não andem ansiosos por coisa alguma; mas em tudo; pela oração e súplicas; com ações de graças; apresentem seus pedidos a Deus.",NVI
246,Setembro,1 Tessalonicenses 5:17,"Orem continuamente.",NVI
247,Setembro,1 João 5:14-15,"Esta é a confiança que temos ao nos aproximar de Deus: que; se pedirmos alguma coisa segundo a sua vontade; ele nos ouvirá. E; se soubermos que ele nos ouve em tudo o que pedimos; saberemos que já temos o que pedimos.",NVI
248,Setembro,Lucas 18:1,"Jesus contou uma parábola aos seus discípulos para mostrar-lhes que eles deviam orar sempre; sem desanimar.",NVI
249,Setembro,Marcos 11:24,"Portanto; eu lhes digo: tudo o que vocês pedirem em oração; creiam que já o receberam; e assim lhes acontecerá.",NVI
250,Setembro,João 15:7,"Se vocês permanecerem em mim e as minhas palavras permanecerem em vocês; pedirão o que quiserem; e lhes será concedido.",NVI
251,Setembro,Mateus 21:22,"Tudo o que pedirem em oração; se crerem; receberão.",NVI
252,Setembro,2 Crônicas 7:14,"Se o meu povo; que se chama pelo meu nome; humilhar-se; orar e buscar a minha face e se converter dos seus maus caminhos; então eu ouvirei do céu; perdoarei o seu pecado e restaurarei a sua terra.",NVI
253,Setembro,Tiago 5:16,"Portanto; confessem os seus pecados uns aos outros e orem uns pelos outros para que sejam curados. A oração do justo é poderosa e eficaz.",NVI
254,Setembro,Romanos 12:12,"Alegrem-se na esperança; sejam pacientes na tribulação; perseverem na oração.",NVI
255,Setembro,Salmos 145:18,"O Senhor está perto de todos os que o invocam; de todos os que o invocam em verdade.",NVI
256,Setembro,Jeremias 33:3,"Clama a mim; e eu te responderei; e te darei a conhecer grandes e inescrutáveis coisas que você não conhece.",NVI
257,Setembro,Salmos 5:3,"Pela manhã; Senhor; ouves a minha voz; de manhã apresento minha oração a ti e aguardo.",NVI
258,Setembro,Efésios 6:18,"Orando em todo tempo; com toda oração e súplica no Espírito Santo; estando atentos com toda perseverança e súplica por todos os santos.",NVI
259,Setembro,Colossenses 4:2,"Perseverem na oração; estejam alertas e sejam agradecidos.",NVI
260,Setembro,1 Timóteo 2:1,"Exorto; antes de tudo; que se façam súplicas; orações; intercessões e ações de graças por todos os homens.",NVI
261,Setembro,Salmos 66:19-20,"Mas com certeza Deus ouviu; deu atenção à voz da minha oração. Bendito seja Deus; que não rejeitou a minha oração nem me negou o seu amor!",NVI
262,Setembro,Lucas 11:2,"Ele disse: Quando orarem; digam: Pai; santificado seja o teu nome. Venha o teu reino.",NVI
263,Setembro,Salmos 141:2,"Que a minha oração seja aceita como incenso diante de ti; o erguer de minhas mãos; como o sacrifício da tarde.",NVI
264,Setembro,Habacuque 3:2,"Senhor; ouvi a tua fama e me enchi de temor. Ó Senhor; revive a tua obra no decorrer destes anos; torna-a conhecida no decorrer destes anos. Na tua ira; lembra-te da misericórdia.",NVI
265,Setembro,Salmos 34:4,"Busquei o Senhor; e ele me respondeu; livrou-me de todos os meus temores.",NVI
266,Setembro,Isaías 65:24,"Antes que me chamem; eu responderei; ainda estarão falando; e eu já terei ouvido.",NVI
267,Setembro,Salmos 86:7,"No dia da minha angústia clamo a ti; porque tu me respondes.",NVI
268,Setembro,Mateus 26:41,"Vigiem e orem para que não caiam em tentação. O espírito está disposto; mas a carne é fraca.",NVI
269,Setembro,Daniel 9:18,"Deus meu; inclina o teu ouvido e ouve; abre os teus olhos e vê a nossa desolação. Não te suplicamos com base na nossa justiça; mas na tua grande misericórdia.",NVI
270,Setembro,Salmos 102:1,"Ouve a minha oração; Senhor; que o meu clamor chegue até ti.",NVI
271,Setembro,Romanos 8:26,"Da mesma forma; o Espírito nos ajuda em nossa fraqueza; pois não sabemos orar como convém; mas o próprio Espírito intercede por nós com gemidos inexprimíveis.",NVI
272,Setembro,1 Pedro 3:12,"Porque os olhos do Senhor estão sobre os justos; e os seus ouvidos; atentos à oração deles; mas o rosto do Senhor está contra os que fazem o mal.",NVI
273,Outubro,Salmos 17:6,"Invoco-te; pois me ouvirás; ó Deus. Inclina para mim os teus ouvidos; ouve as minhas palavras.",NVI
274,Outubro,1 Tessalonicenses 5:18,"Deem graças em todas as circunstâncias; pois esta é a vontade de Deus para vocês em Cristo Jesus.",NVI
275,Outubro,Salmos 107:1,"Deem graças ao Senhor; porque ele é bom; o seu amor eterno dura para sempre.",NVI
276,Outubro,Colossenses 3:17,"E tudo o que fizerem; seja em palavra ou em ação; façam tudo em nome do Senhor Jesus; dando graças a Deus Pai por meio dele.",NVI
277,Outubro,Efésios 5:20,"Dando sempre graças a Deus Pai por tudo; em nome de nosso Senhor Jesus Cristo.",NVI
278,Outubro,Salmos 100:4,"Entrem pelas suas portas com ação de graças e nos seus átrios com louvor; deem-lhe graças e bendigam o seu nome.",NVI
279,Outubro,Hebreus 13:15,"Por meio de Jesus; pois; ofereçamos sempre a Deus um sacrifício de louvor; que é o fruto dos lábios que confessam o seu nome.",NVI
280,Outubro,Salmos 103:1-2,"Bendize; ó minha alma; ao Senhor; que todo o meu ser bendiga o seu santo nome. Bendize; ó minha alma; ao Senhor; e não te esqueças de nenhum dos seus benefícios.",NVI
281,Outubro,2 Coríntios 9:15,"Graças a Deus pelo seu dom inexprimível!",NVI
282,Outubro,Filipenses 4:11,"Aprendi a contentar-me em qualquer situação em que me encontre.",NVI
283,Outubro,Salmos 92:1,"Como é bom render graças ao Senhor e cantar louvores ao teu nome; ó Altíssimo.",NVI
284,Outubro,1 Crônicas 16:34,"Deem graças ao Senhor; porque ele é bom; o seu amor eterno dura para sempre.",NVI
285,Outubro,Lucas 17:16,"Prostrou-se aos pés de Jesus; dando-lhe graças. E esse homem era samaritano.",NVI
286,Outubro,Salmos 9:1,"Louvarei o Senhor de todo o coração; contarei todas as suas maravilhas.",NVI
287,Outubro,1 Coríntios 15:57,"Mas graças a Deus; que nos dá a vitória por meio de nosso Senhor Jesus Cristo!",NVI
288,Outubro,Salmos 106:1,"Aleluia! Deem graças ao Senhor; porque ele é bom; o seu amor eterno dura para sempre.",NVI
289,Outubro,Salmos 118:24,"Este é o dia que o Senhor fez; regozijemo-nos e alegremo-nos nele.",NVI
290,Outubro,Gálatas 6:9,"Não nos cansemos de fazer o bem; pois; se não desanimarmos; a seu tempo colheremos.",NVI
291,Outubro,Salmos 63:3,"Porque o teu amor é melhor do que a vida; os meus lábios te louvam.",NVI
292,Outubro,1 Timóteo 4:4,"Tudo o que Deus criou é bom; e nada deve ser rejeitado se for recebido com ação de graças.",NVI
293,Outubro,Salmos 50:23,"Quem me oferece graças me honra; ao que ordena o seu caminho; mostrar-lhe-ei a salvação de Deus.",NVI
294,Outubro,Daniel 2:23,"A ti; ó Deus dos meus antepassados; eu louvo e glorifico; porque me deste sabedoria e poder; e me fizeste conhecer o que te pedimos.",NVI
295,Outubro,Romanos 8:32,"Ele que não poupou nem o seu próprio Filho; mas o entregou por todos nós; como não nos dará também; com ele; graciosamente; todas as coisas?",NVI
296,Outubro,Salmos 19:1,"Os céus declaram a glória de Deus; o firmamento proclama a obra das suas mãos.",NVI
297,Outubro,João 6:35,"Então Jesus declarou: Eu sou o pão da vida. Aquele que vem a mim nunca terá fome; e aquele que crê em mim nunca terá sede.",NVI
298,Outubro,Salmos 34:8,"Prove e veja que o Senhor é bom; bem-aventurado o homem que nele se refugia.",NVI
299,Outubro,Efésios 1:3,"Bendito seja o Deus e Pai de nosso Senhor Jesus Cristo; que nos abençoou com todas as bênçãos espirituais nos lugares celestiais em Cristo.",NVI
300,Outubro,Salmos 136:26,"Deem graças ao Deus dos céus; porque o seu amor eterno dura para sempre.",NVI
301,Outubro,Apocalipse 7:12,"Amém! O louvor; a glória; a sabedoria; a gratidão; a honra; o poder e a força sejam ao nosso Deus para todo o sempre. Amém!",NVI
302,Outubro,Salmos 28:7,"O Senhor é a minha força e o meu escudo; o meu coração nele confia; e sou socorrido. Meu coração exulta de alegria; e com o meu canto o glorificarei.",NVI
303,Outubro,Salmos 30:12,"Para que o meu coração cante a tua glória e não se cale. Senhor; meu Deus; te louvarei para sempre.",NVI
304,Novembro,Romanos 11:36,"Porque dele; por meio dele e para ele são todas as coisas. A ele seja a glória para sempre! Amém.",NVI
305,Novembro,2 Coríntios 9:7,"Cada um dê conforme determinou em seu coração; não com pesar ou por obrigação; pois Deus ama quem dá com alegria.",NVI
306,Novembro,Lucas 6:38,"Deem; e lhes será dado; uma boa medida; calcada; sacudida e transbordante lhes será dada. Porque com a medida que usarem será medido a vocês em retorno.",NVI
307,Novembro,Provérbios 11:25,"A pessoa generosa prosperará; quem dá água aos outros terá muita água.",NVI
308,Novembro,1 Timóteo 6:18-19,"Que sejam ricos em boas obras; generosos e prontos para compartilhar. Assim guardarão para si um tesouro como boa base para o futuro; a fim de se apoderarem da verdadeira vida.",NVI
309,Novembro,Mateus 25:35,"Porque tive fome e vocês me deram de comer; tive sede e vocês me deram de beber; fui estrangeiro e vocês me hospedaram.",NVI
310,Novembro,Atos 20:35,"É mais bem-aventurado dar do que receber.",NVI
311,Novembro,2 Coríntios 8:9,"Pois vocês conhecem a graça de nosso Senhor Jesus Cristo; que; embora fosse rico; por amor a vocês se fez pobre; para que pela sua pobreza vocês se tornassem ricos.",NVI
312,Novembro,Provérbios 19:17,"Quem tem compaixão do pobre empresta ao Senhor; e este o recompensará pelo que fez.",NVI
313,Novembro,Salmos 112:5,"Bem vai ao homem bondoso e que empresta com generosidade; ele conduz os seus negócios com justiça.",NVI
314,Novembro,1 João 3:17,"Se alguém que possui bens materiais vê seu irmão em necessidade; mas não tem compaixão dele; como pode o amor de Deus habitar nele?",NVI
315,Novembro,Provérbios 22:9,"O homem de bom coração será abençoado; pois divide o seu pão com os pobres.",NVI
316,Novembro,Gálatas 6:10,"Portanto; enquanto temos oportunidade; façamos o bem a todos; especialmente aos da família da fé.",NVI
317,Novembro,Mateus 5:42,"Dê a quem lhe pedir; e não se recuse a emprestar para quem quiser pedir emprestado.",NVI
318,Novembro,Efésios 4:28,"Quem furtava não furte mais; mas antes trabalhe; fazendo com as próprias mãos o que é bom; para ter o que repartir com o necessitado.",NVI
319,Novembro,Hebreus 13:16,"Não se esqueçam de fazer o bem e de repartir o que têm com os outros; pois esses são os sacrifícios que agradam a Deus.",NVI
320,Novembro,Deuteronômio 15:10,"Dê de bom grado a esse homem e sem coração mesquinho; por causa disto o Senhor; o seu Deus; o abençoará em todo o trabalho e em tudo que fizer.",NVI
321,Novembro,Provérbios 28:27,"Quem dá ao pobre não terá falta; mas quem fecha os olhos para a sua necessidade terá muitas maldições.",NVI
322,Novembro,1 Crônicas 29:14,"Mas quem sou eu; e o que é o meu povo; para que possamos fazer essas ofertas voluntárias? Tudo vem de ti; e do que tu mesmo nos deste; te damos.",NVI
323,Novembro,Romanos 12:13,"Repartam do que têm com os santos que estão em necessidade. Pratiquem a hospitalidade.",NVI
324,Novembro,2 Coríntios 9:8,"Deus pode fazer com que toda a graça transborde para vocês; de modo que em todas as coisas; em todo o tempo; tendo tudo de que precisam; vocês transbordem em toda boa obra.",NVI
325,Novembro,1 Pedro 4:10,"Cada um coloque a serviço dos outros o dom que recebeu; como bons administradores da multiforme graça de Deus.",NVI
326,Novembro,Mateus 6:3-4,"Mas quando você der esmolas; que a sua mão esquerda não saiba o que a direita está fazendo; para que a sua esmola seja feita em segredo. Então seu Pai; que vê o que é feito em segredo; o recompensará.",NVI
327,Novembro,Provérbios 21:26,"Todo o dia ele fica desejando; mas o justo dá e não retém.",NVI
328,Novembro,Tiago 2:17,"Assim também a fé; por si só; se não for acompanhada de obras; é morta.",NVI
329,Novembro,Salmos 41:1,"Bem-aventurado aquele que cuida do fraco; o Senhor o livrará no dia do mal.",NVI
330,Novembro,Provérbios 3:27-28,"Não negues o bem a quem é devido; quando estiver em teu poder fazê-lo. Não digas ao teu próximo: Vai e volta; amanhã te darei — quando o tens contigo.",NVI
331,Novembro,Lucas 3:11,"João respondeu: Quem tem duas túnicas reparta com quem não tem; e quem tem comida faça o mesmo.",NVI
332,Novembro,Salmos 37:21,"O ímpio pede emprestado e não paga; mas o justo tem compaixão e dá.",NVI
333,Novembro,Isaías 58:7,"Não é partilhar o teu pão com o faminto; e abrigar em casa os pobres sem lar? Não é vestir o nu quando o encontras e não te esquivar do teu semelhante?",NVI
334,Dezembro,Provérbios 14:31,"Quem oprime o pobre insulta o seu Criador; mas quem tem bondade para com os necessitados honra a Deus.",NVI
335,Dezembro,João 1:14,"E o Verbo se fez carne e habitou entre nós; e nós vimos a sua glória; glória como do Unigênito do Pai; cheio de graça e de verdade.",NVI
336,Dezembro,Isaías 9:6,"Pois nos nasceu um menino; um filho nos foi dado; o governo está sobre seus ombros; e seu nome é Maravilhoso Conselheiro; Deus Forte; Pai Eterno; Príncipe da Paz.",NVI
337,Dezembro,Lucas 2:10-11,"Mas o anjo disse-lhes: Não temam! Estou trazendo-lhes uma boa notícia que será motivo de grande alegria para todo o povo: Hoje; na cidade de Davi; nasceu para vocês um Salvador; que é Cristo; o Senhor.",NVI
338,Dezembro,Mateus 1:23,"A virgem ficará grávida e dará à luz um filho; e o chamarão Emanuel — que significa ""Deus conosco"".",NVI
339,Dezembro,Isaías 7:14,"Portanto; o próprio Senhor lhes dará um sinal: a virgem conceberá e dará à luz um filho; e o chamarão Emanuel.",NVI
340,Dezembro,Lucas 1:37,"Porque nada é impossível para Deus.",NVI
341,Dezembro,João 8:12,"Jesus disse: Eu sou a luz do mundo. Quem me segue não andará nas trevas; mas terá a luz da vida.",NVI
342,Dezembro,Tito 2:13-14,"Enquanto aguardamos a bendita esperança; o aparecimento da glória do nosso grande Deus e Salvador; Jesus Cristo; que se entregou por nós para nos resgatar de toda impiedade.",NVI
343,Dezembro,Lucas 2:14,"Glória a Deus nas alturas e paz na terra aos homens a quem ele quer bem!",NVI
344,Dezembro,João 1:4-5,"Nele estava a vida; e a vida era a luz dos homens. A luz resplandece nas trevas; e as trevas não a dominaram.",NVI
345,Dezembro,Isaías 60:1,"Levanta-te; resplandece; pois a tua luz veio; e a glória do Senhor raia sobre ti!",NVI
346,Dezembro,Mateus 5:14,"Vocês são a luz do mundo. Não se pode esconder uma cidade construída sobre um monte.",NVI
347,Dezembro,Filipenses 2:7,"Mas esvaziou-se a si mesmo; tomando a natureza de servo; tornando-se semelhante aos seres humanos.",NVI
348,Dezembro,João 3:16-17,"Porque Deus amou o mundo de tal maneira que deu o seu Filho unigênito; para que todo o que nele crer não pereça; mas tenha a vida eterna. Pois Deus enviou o seu Filho ao mundo não para condenar o mundo; mas para salvá-lo.",NVI
349,Dezembro,Apocalipse 22:16,"Eu; Jesus; enviei o meu anjo para dar a vocês este testemunho para as igrejas. Eu sou a raiz e a descendência de Davi; a estrela da manhã que resplandece.",NVI
350,Dezembro,Colossenses 1:15-16,"O Filho é a imagem do Deus invisível; o primogênito de toda a criação. Pois nele foram criadas todas as coisas nos céus e na terra.",NVI
351,Dezembro,Hebreus 1:3,"O Filho é o resplendor da glória de Deus e a expressão exata do seu ser; sustentando todas as coisas pela sua palavra poderosa.",NVI
352,Dezembro,1 João 4:9-10,"Assim Deus demonstrou o seu amor entre nós: enviou o seu Filho unigênito ao mundo para que vivêssemos por meio dele. O amor está nisso: não fomos nós que amamos a Deus; mas ele nos amou e enviou seu Filho.",NVI
353,Dezembro,Gálatas 4:4-5,"Mas; quando chegou a plenitude do tempo; Deus enviou seu Filho; nascido de mulher; nascido debaixo da lei; para resgatar os que estavam debaixo da lei; a fim de recebermos a adoção de filhos.",NVI
354,Dezembro,Isaías 53:5,"Mas ele foi traspassado por causa das nossas transgressões e esmagado por causa das nossas iniquidades; o castigo que nos traz a paz estava sobre ele; e pelas suas feridas fomos curados.",NVI
355,Dezembro,Lucas 2:52,"E Jesus crescia em sabedoria; estatura e graça diante de Deus e dos homens.",NVI
356,Dezembro,João 1:16,"Porque de sua plenitude todos nós recebemos; e graça sobre graça.",NVI
357,Dezembro,2 Coríntios 8:9,"Pois vocês conhecem a graça de nosso Senhor Jesus Cristo; que; embora fosse rico; por amor a vocês se fez pobre; para que pela sua pobreza vocês se tornassem ricos.",NVI
358,Dezembro,Mateus 2:2,"Onde está aquele que nasceu rei dos judeus? Vimos a sua estrela no Oriente e viemos adorá-lo.",NVI
359,Dezembro,Lucas 2:7,"E ali deu à luz o seu filho primogênito; envolveu-o em panos e o deitou numa manjedoura; pois não havia lugar para eles na hospedaria.",NVI
360,Dezembro,João 1:12,"Mas a todos que o receberam; aos que creram em seu nome; deu-lhes o direito de se tornarem filhos de Deus.",NVI
361,Dezembro,João 10:10,"O ladrão vem apenas para roubar; matar e destruir; eu vim para que tenham vida e a tenham plenamente.",NVI
362,Dezembro,Mateus 2:11,"Ao entrar na casa; viram o menino com Maria; sua mãe; e se prostraram e o adoraram. Então abriram os seus tesouros e lhe apresentaram como dádivas ouro; incenso e mirra.",NVI
363,Dezembro,Romanos 6:23,"Pois o salário do pecado é a morte; mas o dom gratuito de Deus é a vida eterna em Cristo Jesus; nosso Senhor.",NVI
364,Dezembro,Isaías 11:1,"Um broto brotará do tronco de Jessé; um rebento de suas raízes dará fruto.",NVI
365,,João 3:16,"Porque Deus amou o mundo de tal maneira que deu o seu Filho unigênito; para que todo o que nele crer não pereça; mas tenha a vida eterna.",NVI
